Career,Institution,Institution Website,Program Specific Website
Art Therapist,Eastern Virginia Medical School,https://www.evms.edu/,https://www.odu.edu/evms-health-professions/counseling-art-therapy
Art Therapist,George Washington University,https://www.gwu.edu/,https://arttherapy.columbian.gwu.edu/ma-art-therapy
Assisted Living Facility Administrator,Virginia Commonwealth University,https://www.vcu.edu/,https://gerontology.chp.vcu.edu/programs/mastersprogram/assisted-living-administration-concentration/
Athletic Trainer,Bridgewater College,https://www.bridgewater.edu/,https://www.bridgewater.edu/academics/divisions/health-human-sciences/master-of-science-in-athletic-training/
Athletic Trainer,George Mason University,https://www.gmu.edu/,https://cehd.gmu.edu/athletic-training/
Athletic Trainer,James Madison University,https://www.jmu.edu/,https://www.jmu.edu/grad/programs/snapshots/athletic-training.shtml
Athletic Trainer,Liberty University,https://www.liberty.edu/,https://www.liberty.edu/health-sciences/masters/ms-in-athletic-training/
Athletic Trainer,Old Dominion University,https://www.odu.edu/,https://www.odu.edu/academics/programs/masters/athletic-training
Athletic Trainer,Radford University,https://www.radford.edu/,https://www.radford.edu/programs/athletic-training-grad.html
Athletic Trainer,Shenandoah University,https://www.su.edu/,https://www.su.edu/athletic-training/
Athletic Trainer,University of Lynchburg,https://www.lynchburg.edu/,https://explore.lynchburg.edu/msat/
Athletic Trainer,University of Virginia,https://www.virginia.edu/,https://education.virginia.edu/academics/programs/athletic-training-ms-master-science
Audiologist,James Madison University,https://www.jmu.edu/,https://www.jmu.edu/chbs/csd/aud/index.shtml
Biological Technician,Averett University,https://www.averett.edu/,https://www.averett.edu/academics/majors-and-programs/undergraduate/biological-and-physical-sciences/
Biological Technician,Bluefield College,https://www.bluefieldcollege.edu/,https://www.bluefield.edu/academics/programs-of-study/biology/
Biological Technician,Christopher Newport University,https://www.cnu.edu/,https://cnu.edu/academics/programs/biology.html
Biological Technician,College of William and Mary,https://www.wm.edu/,https://www.wm.edu/as/biology/undergraduate/major/
Biological Technician,Emory & Henry College,https://www.ehc.edu/,https://www.emoryhenry.edu/academics/biology/
Biological Technician,George Mason University,https://www.gmu.edu/,https://science.gmu.edu/academics/departments-units/biology/biology-bs
Biological Technician,George Washington University,https://www.gwu.edu/,https://biology.columbian.gwu.edu/undergraduate
Biological Technician,Hampden-Sydney College,https://www.hsc.edu/,https://www.hsc.edu/academics/biology
Biological Technician,Hampton University,https://www.hamptonu.edu/,https://home.hamptonu.edu/science/biological-sciences/
Biological Technician,Hollins University,https://www.hollins.edu/,https://www.hollins.edu/programs/biology/
Biological Technician,Liberty University,https://www.liberty.edu/,https://www.liberty.edu/health-sciences/biology-chemistry/biology-program/
Biological Technician,Mary Baldwin University,https://www.marybaldwin.edu/,https://marybaldwin.edu/programs/biology-bs-ba/
Biological Technician,Marymount University,https://www.marymount.edu/,https://marymount.edu/academics/college-of-sciences-and-humanities/school-of-natural-sciences-and-mathematics/undergraduate-programs/biology-b-s-b-a/
Biological Technician,Norfolk State University,https://www.nsu.edu/,https://www.nsu.edu/biology/programs
Biological Technician,Old Dominion University,https://www.odu.edu/,https://www.odu.edu/academics/programs/undergraduate/biology
Biological Technician,Radford University Carilion,https://www.radford.edu/carilion,https://www1.radford.edu/content/csat/home/biology.html
Biological Technician,Randolph-Macon College,https://www.rmc.edu/,https://www.rmc.edu/academics/degrees-and-programs/biology/
Biological Technician,Roanoke College,https://www.roanoke.edu/,https://www.roanoke.edu/majors/biology
Biological Technician,Shenandoah University,https://www.su.edu/,https://www.su.edu/arts/bachelor-of-science-in-biology/
Biological Technician,Southern Virginia University,https://svu.edu/,https://svu.edu/academics/majors-minors/biology/
Biological Technician,Sweet Briar College,https://www.sbc.edu/,https://www.sbc.edu/academics/biology/
Biological Technician,University of Mary Washington,https://www.umw.edu/,https://www.umw.edu/study/areas/biology/
Biological Technician,University of Richmond,https://www.richmond.edu/,https://biology.richmond.edu/
Biological Technician,University of Virginia,https://www.virginia.edu/,https://bio.as.virginia.edu/undergraduate
Biological Technician,Virginia Tech,https://vt.edu/,https://www.biol.vt.edu/
Biological Technician,Virginia Commonwealth University,https://www.vcu.edu/,https://slss.vcu.edu/undergraduate/bs-in-biology/
Biological Technician,Virginia Military Institute,https://www.vmi.edu/,https://www.vmi.edu/academics/majors-and-minors/biology/
Biological Technician,Virginia State University,https://www.vsu.edu/,https://www.vsu.edu/cnhs/departments/biology/programs/
Biological Technician,Virginia Wesleyan University,https://www.vwu.edu/,https://www.vwu.edu/academics/majors/biology/
Biomedical Equipment Technician,John Tyler Community College,https://www.jtcc.edu/,
Biomedical Equipment Technician,ECPI University,https://explore.ecpi.edu/new/programs/health-science/medical-assisting/index.php?cmpid=PPCGGL&SearchKeyword=hospital%20tech%20degree&AdGroup=Medical%20Assisting%20|%20Health%20Science%20|%20Hospital%20Tech&campaign=%5BS-Richmond%5D%20Health%20Science%20Job%20Outcome%20-%20Broad&c=richmond&mkwid=lDJtsJsb&device=c&pkw=hospital%20tech%20degree&pcrid=693940571004&pmt=b&slid=&s=google&k=hospital%20tech%20degree&utm_source=google&utm_medium=cpc&utm_campaign=%5BS-Richmond%5D+Health+Science+Job+Outcome+-+Broad&utm_term=hospital%20tech%20degree&utm_content=693940571004&gad_source=1&gad_campaignid=20388272553&gbraid=0AAAAAD-5M50mdXDOQZY8QYFnBW1eWdrG2&gclid=Cj0KCQjw-MDTBhCgARIsAKAkdlThsz5z8lhXIS00aR7VqMteZtGdApW_oelwDbjmTeG80vWrvD7VMpUaAigBEALw_wcB#formLocation,
Cardiovascular Technologist,Riverside College of Health Careers,https://www.riverside.edu/en,https://www.riverside.edu/programs/allied-health/cardiovascular-technology
Cardiovascular Technologist,Sentara College of Health Sciences,https://www.sentara.edu/,https://www.batten.edu/enrollment-aid/sentara-college-of-health-sciences/invasive-cardiovascular-technology
Community Health Worker,Virginia Community Health Worker Association,https://chwofva.com/training-hub/,
Community Health Worker,National Association of Community Health Workers,https://nachw.org/,
Certified Nursing Assistant,Blue Ridge Community College,https://www.brcc.edu/,https://www.brcc.edu/workforce-development/healthcare/#program
Certified Nursing Assistant,Danville Community College,https://www.dcc.vccs.edu/,https://danville.edu/certified-nurse-aide-cna
Certified Nursing Assistant,Eastern Shore Community College,https://es.vccs.edu/,https://catalog.es.vccs.edu/preview_program.php?catoid=13&poid=1533&returnto=1353
Certified Nursing Assistant,Germanna Community College,https://germanna.edu/,https://germanna.edu/programs/nursing
Certified Nursing Assistant,J. Sargeant Reynolds Community College,https://www.reynolds.edu/,https://ccwatraining.org/training-for-individuals/career-paths/healthcare/nurse-aide
Certified Nursing Assistant,Lord Fairfax Community College,https://www.lfcc.edu/,https://laurelridge.edu/degree/nurse-aide/
Certified Nursing Assistant,Mountain Empire Community College,https://www.me.vccs.edu/,https://www.mecc.edu/workforce-solutions
Certified Nursing Assistant,New River Community College,https://www.nr.edu/,https://www.nr.edu/nurseaide/
Certified Nursing Assistant,Northern Virginia Community College,https://www.nvcc.edu/,https://www.nvcc.edu/academics/workforce/workforce-healthcare.html
Certified Nursing Assistant,Patrick Henry Community College,https://www.ph.vccs.edu/,https://www.patrickhenry.edu/programs-courses/health-careers/nurse-aide/
Certified Nursing Assistant,Paul D. Camp Community College,https://www.pdc.edu/,https://www.pdc.edu/nursing-and-allied-health/nurse-aide/
Certified Nursing Assistant,Piedmont Virginia Community College,https://www.pvcc.edu/,https://www.pvcc.edu/programs/nurse-aide
Certified Nursing Assistant,Rappahannock Community College,https://www.rappahannock.edu/,https://catalog.rappahannock.edu/preview_program.php?catoid=9&poid=678&returnto=1601
Certified Nursing Assistant,Southside Virginia Community College,https://southside.edu/,https://southside.edu/programs/nurse-aide-training
Certified Nursing Assistant,Southwest Virginia Community College,https://www.sw.edu/,https://www.sw.edu/workforce/fastforward-credentials.html
Certified Nursing Assistant,Tidewater Community College,https://www.tcc.edu/,https://help.tcc.edu/s/article/Nurse-Aide-Program
Certified Nursing Assistant,Virginia Highlands Community College,https://www.vhcc.edu/,https://www.vhcc.edu/certified-nurse-aid
Certified Nursing Assistant,Virginia Western Community College,https://www.virginiawestern.edu/,https://www.virginiawestern.edu/academics/health-professions/cna/
Certified Nursing Assistant,Wytheville Community College,https://www.wcc.vccs.edu/,https://www.wcc.vccs.edu/american-heart-association-nurse-aide
Certified Personal Care Aide (Home Health Aide),Eastern Shore Community College,https://es.vccs.edu/,
Certified Personal Care Aide (Home Health Aide),Lord Fairfax Community College,https://www.lfcc.edu/,
Certified Personal Care Aide (Home Health Aide),Sentara College of Health Sciences,https://www.sentara.edu/,
Certified Personal Care Aide (Home Health Aide),Virginia Health Workforce Development Authoirty,https://www.vhwda.org/programs/workforce-trainings/direct-support-professional,
Certified Personal Care Aide (Home Health Aide),Virginia Peninsula Community College,https://careertraining.vpcc.edu/training-programs/personal-care-aide-training/,
Certified Personal Care Aide (Home Health Aide),Excel Health Institute,https://excelhealthinstitute.com/,
Chemical Technician,Rappahannock Community College,https://www.rappahannock.edu/,https://catalog.rappahannock.edu/preview_program.php?catoid=9&poid=629&returnto=1601
Chemical Technician,Tidewater Community College,https://www.tcc.edu/,https://www.tcc.edu/programs/science/#science-chemistry-major
Chemical Technician,Virginia Highlands Community College,https://www.vhcc.edu/,https://www.vhcc.edu/science-major-chemistry
Chemical Technician,Virginia Western Community College,https://www.virginiawestern.edu/,https://www.virginiawestern.edu/academics/science-engineering/science/
Chiropractor,Unified Virginia Chiropractic Association,https://virginiachiropractic.org/,
Chiropractor,International Chiropractors Association,https://www.chiropractic.org/,
Chiropractor,American Chiropractic Association,https://www.acatoday.org/,
Clinical Laboratory Scientist,Eastern Mennonite University,https://www.emu.edu/,https://emu.edu/medical-lab-sciences/
Clinical Laboratory Scientist,Eastern Virginia Medical School,https://www.evms.edu/,https://www.odu.edu/academics/programs/undergraduate/medical-laboratory-science
Clinical Laboratory Scientist,George Mason University,https://www.gmu.edu/,https://catalog.gmu.edu/colleges-schools/science/biology/medical-laboratory-science-bs/
Clinical Laboratory Scientist,Mary Baldwin University,https://www.marybaldwin.edu/,https://marybaldwin.edu/programs/clinical-laboratory-science/
Clinical Laboratory Scientist,Norfolk State University,https://www.nsu.edu/,https://www.nsu.edu/Academics/Faculty-and-Academic-Divisions/Schools-and-Colleges/College-of-Science-Engineering-and-Technology
Clinical Laboratory Scientist,Old Dominion University,https://www.odu.edu/,https://www.odu.edu/academics/programs/undergraduate/medical-laboratory-science
Clinical Laboratory Scientist,Radford University Carilion,https://www.radford.edu/carilion,https://www.radford.edu/programs/med-lab-science.html
Clinical Laboratory Scientist,Virginia Commonwealth University,https://www.vcu.edu/,https://mls.chp.vcu.edu/
Dental Assistant,Danville Community College,https://www.dcc.vccs.edu/,https://catalog.danville.edu/preview_program.php?catoid=7&poid=659
Dental Assistant,ECPI University,https://www.ecpi.edu/,https://www.ecpi.edu/programs/dental-assistant-school-dental-assistant-associate-degree
Dental Assistant,Fortis College,https://www.fortis.edu/,https://www.fortis.edu/campuses/virginia/richmond/dental-assisting.html
Dental Assistant,Germanna Community College,https://germanna.edu/,https://germanna.edu/programs/dental
Dental Assistant,J. Sargeant Reynolds Community College,https://www.reynolds.edu/,https://www.reynolds.edu/programs/program-pages/dental-assisting-c.html
Dental Assistant,Lord Fairfax Community College,https://www.lfcc.edu/,https://laurelridge.edu/degree/dental-assisting-program/
Dental Assistant,Mountain Empire Community College,https://www.me.vccs.edu/,https://www.mecc.edu/dental-assistant-program-application
Dental Assistant,Northern Virginia Community College,https://www.nvcc.edu/,https://www.nvcc.edu/academics/programs/dental-assisting.html
Dental Hygienist,Danville Community College,https://www.dcc.vccs.edu/,https://catalog.danville.edu/preview_program.php?catoid=7&poid=696&returnto=222
Dental Hygienist,Germanna Community College,https://germanna.edu/,https://germanna.edu/programs/dental
Dental Hygienist,Northern Virginia Community College,https://www.nvcc.edu/,https://www.nvcc.edu/academics/programs/dental-hygiene.html
Dental Hygienist,Old Dominion University,https://www.odu.edu/,https://www.odu.edu/dental
Dental Hygienist,Virginia Commonwealth University,https://www.vcu.edu/,https://dentistry.vcu.edu/programs/dental-hygiene/
Dental Hygienist,Virginia Western Community College,https://www.virginiawestern.edu/,https://www.virginiawestern.edu/academics/health-professions/dental-hygiene/
Dental Hygienist,Wytheville Community College,https://www.wcc.vccs.edu/,https://www.wcc.vccs.edu/program/dental-hygiene
Dentist,Virginia Commonwealth University,https://www.vcu.edu/,https://dentistry.vcu.edu/
Doctor of Medicine,Eastern Virginia Medical School,https://www.evms.edu/,https://www.odu.edu/eastern-virginia-medical-school
Doctor of Medicine,University of Virginia School of Medicine,https://med.virginia.edu/,https://med.virginia.edu/md-program/
Doctor of Medicine,Virginia Commonwealth University School of Medicine,https://www.vcu.edu/,https://medschool.vcu.edu/admissions/
Doctor of Medicine,Virginia Tech Carilion School of Medicine,https://medicine.vtc.vt.edu/,https://medicine.vtc.vt.edu/index.html
Doctor of Osteopathic Medicine,Edward Via College of Osteopathic Medicine,https://www.vcom.edu/,https://www.vcom.edu/
Doctor of Osteopathic Medicine,Liberty University College of Osteopathic Medicine,https://www.liberty.edu/lucom/,https://www.liberty.edu/lucom/
Doula,ABP Doula Training Center,,
Doula,ToLabor,,
Embalmer,John Tyler Community College,https://www.jtcc.edu/,https://www.brightpoint.edu/majors/funeral-services-aas
Embalmer,Tidewater Community College,https://www.tcc.edu/,https://help.tcc.edu/s/article/Funeral-Service-Program
Emergency Medical Technician,Albemarle County Department of Social Services,https://www.albemarle.org/government/human-services/social-services,https://www.albemarle.org/government/fire-rescue/community-outreach/classes
Emergency Medical Technician,Augusta County Fire-Rescue,https://www.co.augusta.va.us/government/departments-and-offices/fire-rescue,https://www.co.augusta.va.us/government/departments-and-offices/fire-rescue/jobs
Emergency Medical Technician,Blue Ridge Community College,https://www.brcc.edu/,https://www.brcc.edu/explore-programs/ems/
Emergency Medical Technician,Central Virginia Community College,https://www.centralvirginia.edu/,https://centralvirginia.edu/Emergency-Medical-Services
Emergency Medical Technician,Chesterfield County Fire & EMS,https://www.chesterfield.gov/fire,https://www.chesterfield.gov/489/Fire-and-EMS
Emergency Medical Technician,Dabney S. Lancaster Community College,https://www.dslcc.edu/,https://www.chesterfield.gov/590/Career-FirefighterEMT-Recruitment
Emergency Medical Technician,Danville Area Training Center,(could not verify),https://www.datc.training/
Emergency Medical Technician,ECPI University,https://www.ecpi.edu/,https://www.ecpi.edu/blog/emt-school
Emergency Medical Technician,Fairfax County Fire & Rescue Department,https://www.fairfaxcounty.gov/fire-ems/,https://fcvfra.org/eligibility-and-training/emt-only-training/
Emergency Medical Technician,Frederick County Fire & Rescue,https://www.fcva.us/departments/fire-rescue,https://www.fcva.us/departments/fire-rescue/training-division/basic-ems-academy
Emergency Medical Technician,Gloucester County Volunteer Fire & Rescue,(could not verify),https://www.gvfrs.org/emt/
Emergency Medical Technician,Hampton Division of Fire & Rescue,(could not verify),https://www.hampton.gov/1668/Hiring-Overview
Emergency Medical Technician,Henrico County Division of Fire,https://henrico.gov/fire/,https://henrico.gov/fire/about-us/training/
Emergency Medical Technician,J. Sargeant Reynolds Community College,https://www.reynolds.edu/,https://www.reynolds.edu/programs/program-pages/ems-emergency-medical-technician-csc.html
Emergency Medical Technician,John Tyler Community College,https://www.jtcc.edu/,https://www.brightpoint.edu/majors/emergency-medical-services-advanced-emergency-medical-technician-csc
Emergency Medical Technician,Loudoun County Fire and Rescue,https://www.loudoun.gov/fire,https://www.nvcc.edu/academics/programs/emergency-medical-services/ems-program-information.html
Emergency Medical Technician,Mountain Empire Community College,https://www.me.vccs.edu/,https://catalog.mecc.edu/preview_program.php?catoid=6&poid=634&print
Emergency Medical Technician,Newport News Fire and Rescue,https://www.nnva.gov/1354/Fire-Rescue,https://www.nnva.gov/2056/Emergency-Medical-Services
Emergency Medical Technician,Northern Virginia Community College,https://www.nvcc.edu/,https://www.nvcc.edu/academics/programs/emergency-medical-services/ems-program-information.html
Emergency Medical Technician,Patrick Henry Community College,https://www.ph.vccs.edu/,https://www.patrickhenry.edu/wp-content/uploads/2024/05/EMTCertificationPathway.pdf
Emergency Medical Technician,Paul D. Camp Community College,https://www.pdc.edu/,https://www.pdc.edu/explore-camp/health-sciences/csc-emergency-medical-technician-emt/
Emergency Medical Technician,Prince William County Fire and Rescue,https://www.pwcgov.org/fire,https://www.pwcva.gov/department/fire-rescue/accredited-emt-program
Emergency Medical Technician,Radford University,https://www.radford.edu/,https://www.radford.edu/continuing-education/emt.html
Emergency Medical Technician,Rappahannock Community College,https://www.rappahannock.edu/,https://catalog.rappahannock.edu/preview_program.php?catoid=9&poid=646&returnto=1601
Emergency Medical Technician,Smyth County Career & Tech,(could not verify),https://www.smythcounty.org/job_detail_T10_R4.php
Emergency Medical Technician,Southside Virginia Community College,https://southside.edu/,https://southside.edu/programs/emergency-medical-services-ems
Emergency Medical Technician,Southwest Virginia Community College,https://www.sw.edu/,https://www.sw.edu/academics/programs/ems-paramedic/
Emergency Medical Technician,Thomas Nelson Community College,https://www.tncc.edu/,https://www.vpcc.edu/program/ems-advanced-standing-paramedic/
Emergency Medical Technician,Tidewater Community College,https://www.tcc.edu/,https://www.tcc.edu/programs/emergency-medical-services/
Emergency Medical Technician,Virginia Highlands Community College,https://www.vhcc.edu/,https://www.vhcc.edu/emergency-medical-technician-emt
Emergency Medical Technician,Virginia Western Community College,https://www.virginiawestern.edu/,https://www.virginiawestern.edu/academics/health-professions/emt/
Environmental Science & Protect,Averett University,https://www.averett.edu/,rgraduate/biological-and-physical-sciences/
Environmental Science & Protect,Bridgewater College,https://www.bridgewater.edu/,https://www.bridgewater.edu/academics/divisions/biology-environmental-science/environmental-science-major/
Environmental Science & Protect,Christopher Newport University,https://www.cnu.edu/,https://cnu.edu/academics/programs/environmental-studies.html
Environmental Science & Protect,Eastern Mennonite University,https://www.emu.edu/,https://emu.edu/environmental-science/
Environmental Science & Protect,Emory & Henry College,https://www.ehc.edu/,https://www.emoryhenry.edu/live/profiles/2799-environmental-studies-science-bs
Environmental Science & Protect,Ferrum College,https://www.ferrum.edu/,https://www.ferrum.edu/programs/environmental-science-major/
Environmental Science & Protect,George Mason University,https://www.gmu.edu/,https://catalog.gmu.edu/colleges-schools/science/environmental-policy/environmental-science-bs/
Environmental Science & Protect,Hollins University,https://www.hollins.edu/,https://www.hollins.edu/programs/environmental-studies-environmental-science/
Environmental Science & Protect,Longwood University,https://www.longwood.edu/,https://www.longwood.edu/bes/environmental-sciences/
Environmental Science & Protect,Mountain Empire Community College,https://www.me.vccs.edu/,https://www.mecc.edu/
Environmental Science & Protect,Old Dominion University,https://www.odu.edu/,https://www.odu.edu/academics/programs/undergraduate/environmental-science
Environmental Science & Protect,Randolph-Macon College,https://www.rmc.edu/,https://www.rmc.edu/academics/degrees-and-programs/environmental-studies/
Environmental Science & Protect,Sweet Briar College,https://www.sbc.edu/,https://www.sbc.edu/academics/environmental-science/
Environmental Science & Protect,University of Lynchburg,https://www.lynchburg.edu/,https://www.lynchburg.edu/academics/majors-and-minors/environmental-sciences-and-sustainability/
Environmental Science & Protect,University of Mary Washington,https://www.umw.edu/,https://www.umw.edu/study/areas/applied-environmental-science/
Environmental Science & Protect,University of Richmond,https://www.richmond.edu/,https://environmental.richmond.edu/
Environmental Science & Protect,University of Virginia,https://www.virginia.edu/,https://evsc.as.virginia.edu/
Environmental Science & Protect,Virgiia Tech,https://vt.edu/,https://www.vt.edu/academics/majors/environmental-science.html
Environmental Science & Protect,Virginia Wesleyan University,https://www.vwu.edu/,https://www.batten.edu/academics/majors/earth-and-environmental-sciences/
Environmental Science & Protect,Washington and Lee University,https://www.wlu.edu/,https://www.wlu.edu/environmental-studies-program
Epidemiologist,American Public University,https://www.apu.apus.edu/,https://www.apu.apus.edu/online-masters-programs/master-of-public-health/
Epidemiologist,Eastern Virginia Medical School,https://www.evms.edu/,https://www.odu.edu/epidemiology-biostatistics-environmental-health
Epidemiologist,George Mason University,https://www.gmu.edu/,https://publichealth.gmu.edu/program/public-health-mph
Epidemiologist,George Washington University,https://www.gwu.edu/,https://publichealth.gwu.edu/programs/epidemiology-mph
Epidemiologist,Liberty University,https://www.liberty.edu/,https://www.liberty.edu/health-sciences/masters/public-health/epidemiology/
Epidemiologist,Old Dominion University,https://www.odu.edu/,https://www.odu.edu/epidemiology-public-health-mph
Epidemiologist,Radford University,https://www.radford.edu/,https://www.radford.edu/programs/public-health.html
Epidemiologist,Radford University Carilion,https://www.radford.edu/carilion,https://www.radford.edu/content/wchs/home/public-health.html
Epidemiologist,Randolph-Macon College,https://www.rmc.edu/,No Public Health or Epidemiology Program
Epidemiologist,Shenandoah University,https://www.su.edu/,https://www.su.edu/public-health/
Epidemiologist,South University,https://www.south.edu/,https://www.southuniversity.edu/degree-programs/public-health/public-health-mph
Epidemiologist,University of Virginia,https://www.virginia.edu/,https://med.virginia.edu/phs/
Epidemiologist,Virginia Tech,https://vt.edu/,https://publichealth.vt.edu/
Epidemiologist,Virginia Commonwealth University,https://www.vcu.edu/,https://bulletin.vcu.edu/graduate/p-health/public-health-mph-conc-epidemiology/
Exercise Physiologist,Bluefield University,https://www.bluefield.edu/,https://www.bluefield.edu/academics/programs-of-study/exercise-sport-science/
Exercise Physiologist,Eastern Mennonite University,https://www.emu.edu/,https://emu.edu/pe/minors
Exercise Physiologist,Emory & Henry College,https://www.ehc.edu/,https://www.emoryhenry.edu/academics/exercise-science/
Exercise Physiologist,George Mason University,https://www.gmu.edu/,https://cehd.gmu.edu/kinesiology/
Exercise Physiologist,Hampton University,https://www.hamptonu.edu/,https://home.hamptonu.edu/libarts/sports-science-degrees-offered/
Exercise Physiologist,Liberty University,https://www.liberty.edu/,https://www.liberty.edu/health-sciences/bachelors/exercise-science/
Exercise Physiologist,Longwood University,https://www.longwood.edu/,https://www.longwood.edu/kinesiology/
Exercise Physiologist,Mary Baldwin University,https://www.marybaldwin.edu/,https://marybaldwin.edu/programs/exercise-science/
Exercise Physiologist,Norfolk State University,https://www.nsu.edu/,https://www.nsu.edu/Academics/Faculty-and-Academic-Divisions/Schools-and-Colleges/School-of-Education/Departments/Health-Physical-Education-Exercise-Science/Programs/B-S-Exercise-Science-Health-Physical-Education
Exercise Physiologist,Old Dominion University,https://www.odu.edu/,https://www.odu.edu/academics/programs/undergraduate/exercise-science
Exercise Physiologist,Radford University,https://www.radford.edu/,https://www.radford.edu/programs/eshe.html
Exercise Physiologist,Roanoke College,https://www.roanoke.edu/,https://www.roanoke.edu/majors/healthexercise
Exercise Physiologist,Shenandoah University,https://www.su.edu/,https://www.su.edu/arts/exercise-science/
Exercise Physiologist,University of Virginia,https://www.virginia.edu/,https://education.virginia.edu/academics/programs/kinesiology-exercise-physiology-med-master-education
Funeral Director,John Tyler Community College,https://www.jtcc.edu/,https://www.brightpoint.edu/majors/funeral-services-aas
Funeral Director,Tidewater Community College,https://www.tcc.edu/,https://www.tcc.edu/programs/funeral-service/
Funeral Service Licensee,John Tyler Community College,https://www.jtcc.edu/,https://www.brightpoint.edu/majors/funeral-services-director-aas
Funeral Service Licensee,Tidewater Community College,https://www.tcc.edu/,https://www.tcc.edu/programs/funeral-service/
Genetic Counselor,Virginia Commonwealth University,https://www.vcu.edu/,https://cmgm.vcu.edu/education/ms/genetic-counseling-ms/
Health Information Technician,Danville Community College,https://www.dcc.vccs.edu/,https://dacc.edu/depts/hit
Health Information Technician,ECPI University,https://www.ecpi.edu/,https://www.ecpi.edu/blog/health-information-management-a-good-option-for-me
Health Information Technician,George Mason University,https://www.gmu.edu/,https://publichealth.gmu.edu/program/health-informatics-bs
Health Information Technician,J. Sargeant Reynolds Community College,https://www.reynolds.edu/,https://www.reynolds.edu/programs/program-pages/medical-records-coder-csc.html
Health Information Technician,Lord Fairfax Community College,https://www.lfcc.edu/,https://laurelridge.edu/pathways-program/healthcare/?gad_source=1&gad_campaignid=17058423755&gbraid=0AAAAAokrGlPe_-HupIteMqpS9dzp2rJMp&gclid=Cj0KCQjwjvfSBhDpARIsAEiOpSvXnqPUwhY-H-qVDktWWgAuCdjhY1Lizx9S2bGtE1G7ypqTQwX0GqwaAgX8EALw_wcB
Health Information Technician,Mountain Empire Community College,https://www.me.vccs.edu/,https://www.mecc.edu/health-information-management-application
Health Information Technician,New River Community College,https://www.nr.edu/,https://www.newriver.edu/courses/health-professions-health-information-technology-program-pathway/
Health Information Technician,Northern Virginia Community College,https://www.nvcc.edu/,https://www.nvcc.edu/academics/programs/health-information-management.html
Health Information Technician,Tidewater Community College,https://www.tcc.edu/,https://www.tcc.edu/programs/health-information-management/
Healthcare Administrator,Bluefield University,https://www.bluefield.edu/,https://www.bluefield.edu/academics/programs-of-study/business-administration/
Healthcare Administrator,Bryant & Stratton College,https://www.bryantstratton.edu/,https://www.bryantstratton.edu/degrees/healthcare/bs-health-services-administration/
Healthcare Administrator,Central Michigan University,https://www.cmich.edu/,https://www.cmich.edu/program/health-administration
Healthcare Administrator,DeVry University,https://www.devry.edu/,https://www.devry.edu/online-programs/bachelors-degrees/healthcare-administration.html
Healthcare Administrator,Eastern Mennonite University,https://www.emu.edu/,https://emu.edu/ma-healthcare-management/
Healthcare Administrator,Eastern Virginia Medical School,https://www.evms.edu/,https://www.odu.edu/academics/programs/undergraduate/health-services-administration
Healthcare Administrator,ECPI University,https://www.ecpi.edu/,https://www.ecpi.edu/programs/healthcare-administration-bachelor-degree
Healthcare Administrator,George Mason University,https://www.gmu.edu/,https://catalog.gmu.edu/colleges-schools/public-health/health-administration-policy/health-administration-bs/
Healthcare Administrator,George Washington University,https://www.gwu.edu/,https://publichealth.gwu.edu/programs/health-administration-mha
Healthcare Administrator,Hampton University,https://www.hamptonu.edu/,https://home.hamptonu.edu/science/pre-health-program/
Healthcare Administrator,James Madison University,https://www.jmu.edu/,https://catalog.jmu.edu/programs/health-services-administration-bs/
Healthcare Administrator,Liberty University,https://www.liberty.edu/,https://www.liberty.edu/online/business/bachelors/healthcare-administration/
Healthcare Administrator,Mary Baldwin University,https://www.marybaldwin.edu/,https://marybaldwin.edu/programs/healthcare-administration/
Healthcare Administrator,Marymount University,https://www.marymount.edu/,https://marymount.smartcatalogiq.com/en/2021-2022/catalog/marymount-university-catalog-2021-22/college-of-business-innovation-leadership-and-technology/school-of-business/graduate-degrees/health-care-management-m-s
Healthcare Administrator,Norfolk State University,https://www.nsu.edu/,https://www.nsu.edu/allied-health/b-s-health-services-management
Healthcare Administrator,Old Dominion University,https://www.odu.edu/,https://www.odu.edu/academics/programs/masters/healthcare-administration
Healthcare Administrator,Park University,https://www.park.edu/,https://www.park.edu/academics/explore-programs/healthcare-administration-b-s-b-a/
Healthcare Administrator,Regent University,https://www.regent.edu/,https://www.regent.edu/program/bs-in-healthcare-management/
Healthcare Administrator,South University,https://www.south.edu/,https://www.southuniversity.edu/online/degrees-programs/healthcare
Healthcare Administrator,Strayer University,https://www.strayer.edu/,https://www.strayer.edu/online-degrees/health-services/
Healthcare Administrator,University of Management and Technology,https://www.umtweb.edu/,https://www.umtweb.edu/bha
Healthcare Administrator,University of Virginia,https://www.virginia.edu/,https://www.darden.virginia.edu/mba/academics/industry-focus-electives/healthcare
Healthcare Administrator,Virgiia Tech,https://vt.edu/,https://publichealth.vt.edu/bsph.html
Healthcare Administrator,Virginia Commonwealth University,https://www.vcu.edu/,https://ha.chp.vcu.edu/
Licensed Practical Nurse,Bryant & Stratton College,https://www.bryantstratton.edu/,https://www.bryantstratton.edu/degrees/nursing/practical-nursing-diploma/
Licensed Practical Nurse,Centra College,https://www.centrahealth.com/centra-college,https://www.centrahealth.com/college/programs-admissions/practical-nursing-program
Licensed Practical Nurse,Central School of Practical Nursing,(could not verify),https://cspnohio.edu/program/
Licensed Practical Nurse,Dabney S. Lancaster Community College,https://www.dslcc.edu/,https://www.mgcc.edu/practical-nursing
Licensed Practical Nurse,Danville Community College,https://www.dcc.vccs.edu/,https://danville.edu/nursing
Licensed Practical Nurse,Eastern Shore Community College,https://es.vccs.edu/,https://courses.vccs.edu/colleges/escc/courses/PNE-PracticalNursing
Licensed Practical Nurse,Eastern Virginia Career College,(could not verify),https://evcc.edu/practical-nurse-education/
Licensed Practical Nurse,ECPI University,https://www.ecpi.edu/,https://www.ecpi.edu/programs/lpn
Licensed Practical Nurse,Fortis College,https://www.fortis.edu/,https://www.fortis.edu/programs/nursing/practical-nursing.html
Licensed Practical Nurse,Germanna Community College,https://germanna.edu/,https://germanna.edu/form/practical-nursing-pn-advising-ch
Licensed Practical Nurse,J. Sargeant Reynolds Community College,https://www.reynolds.edu/,https://www.reynolds.edu/programs/program-pages/nursing-aas.html
Licensed Practical Nurse,Lord Fairfax Community College,https://www.lfcc.edu/,https://laurelridge.edu/degree/practical-nursing/
Licensed Practical Nurse,Mountain Empire Community College,https://www.me.vccs.edu/,https://www.mecc.edu/practical-nurse-program-application
Licensed Practical Nurse,New River Community College,https://www.nr.edu/,https://www.nr.edu/nursing/pn.php
Licensed Practical Nurse,Patrick Henry Community College,https://www.ph.vccs.edu/,https://www.patrickhenry.edu/programs-courses/health-careers/practical-nursing-pn/
Licensed Practical Nurse,Paul D. Camp Community College,https://www.pdc.edu/,https://www.pdc.edu/nursing-and-allied-health/pn-practical-nursing/
Licensed Practical Nurse,Piedmont Virginia Community College,https://www.pvcc.edu/,https://www.pvcc.edu/programs/practical-nursing-0
Licensed Practical Nurse,Rappahannock Community College,https://www.rappahannock.edu/,https://www.rappahannock.edu/explore-programs/programs/by-career-pathway1/practical-nursing.html
Licensed Practical Nurse,Riverside College of Health Careers,https://www.riverside.edu/en,https://www.riverside.edu/programs/nursing/practical-nursing
Licensed Practical Nurse,Smyth County Career & Tech,(could not verify),https://sites.google.com/scsb.org/sctc-practicalnursing/practical-nursing-home-page
Licensed Practical Nurse,Southside Virginia Community College,https://southside.edu/,https://southside.edu/certificate-practical-nursing-pn
Licensed Practical Nurse,Southwest Virginia Community College,https://www.sw.edu/,https://www.sw.edu/health-technology/practical-nursing/index.html
Licensed Practical Nurse,Standard Healthcare Services,(could not find),https://www.standardcollege.edu/academics/practical-nursing-program/
Licensed Practical Nurse,Virginia Highlands Community College,https://www.vhcc.edu/,https://courses.vccs.edu/colleges/svcc/programs/major/157.CertificateinPracticalNursing
Licensed Practical Nurse,Virginia Western Community College,https://www.virginiawestern.edu/,https://www.virginiawestern.edu/academics/health-professions/practical-nursing/
Licensed Practical Nurse,Wytheville Community College,https://www.wcc.vccs.edu/,https://www.wcc.vccs.edu/program/practical-nursing
Licensed Professional Counselor,College of William and Mary,https://www.wm.edu/,https://education.wm.edu/academics/space/degrees/cc/
Licensed Professional Counselor,Eastern Mennonite University,https://www.emu.edu/,https://emu.edu/graduate-counseling/
Licensed Professional Counselor,Hampton University,https://www.hamptonu.edu/,https://home.hamptonu.edu/online/master-of-arts-in-counseling-with-a-concentration-in-general-counseling/
Licensed Professional Counselor,James Madison University,https://www.jmu.edu/,https://www.jmu.edu/chbs/gradpsyc/counseling/clinical/index.shtml
Licensed Professional Counselor,Liberty University,https://www.liberty.edu/,https://www.liberty.edu/residential/behavioral-sciences/masters/clinical-mental-health-counseling/
Licensed Professional Counselor,Longwood University,https://www.longwood.edu/,https://www.longwood.edu/gradcounseling/
Licensed Professional Counselor,Marymount University,https://www.marymount.edu/,https://marymount.edu/academics/counseling/master-of-arts-in-counseling/clinical-mental-health/#gsc.tab=0
Licensed Professional Counselor,Old Dominion University,https://www.odu.edu/,https://www.odu.edu/academics/programs/masters/counseling
Licensed Professional Counselor,Radford University,https://www.radford.edu/,https://www.radford.edu/education-human-development/counselor-education-department/index.html
Licensed Professional Counselor,Regent University,https://www.regent.edu/,https://www.regent.edu/program/ma-in-clinical-mental-health-counseling/
Licensed Professional Counselor,South University,https://www.south.edu/,https://www.southuniversity.edu/richmond/clinical-mental-health-counseling-ma
Licensed Professional Counselor,University of Lynchburg,https://www.lynchburg.edu/,https://www.lynchburg.edu/academics/graduate/master-of-science-in-clinical-mental-health-counseling/
Licensed Professional Counselor,Virgiia Tech,https://vt.edu/,https://liberalarts.vt.edu/academics/graduate-programs/masters-programs/master-clinical-mental-health-counseling.html
Licensed Professional Counselor,Virginia Commonwealth University,https://www.vcu.edu/,https://rehab.chp.vcu.edu/programs/masters/
Licensed Professional Counselor,Virginia State University,https://www.vsu.edu/,https://catalog.vsu.edu/graduate/college-education/counselor-education-clinical-mental-health-ms/
Massage Therapist,Chester Career College,(could not find),https://www.chestercareercollege.edu/programs-4/massage-therapy
Massage Therapist,Dabney S. Lancaster Community College,https://www.dslcc.edu/,https://www.mgcc.edu/licensed-massage-therapist
Massage Therapist,Eastern Virginia Career College,(could not verify),https://evcc.edu/massage-therapy/
Massage Therapist,ECPI University,https://www.ecpi.edu/,https://www.ecpi.edu/blog/everything-you-should-know-about-getting-your-massage-therapy-certification
Massage Therapist,Fortis College,https://www.fortis.edu/,https://www.fortis.edu/campuses/virginia/richmond/massage-therapy.html
Massage Therapist,John Tyler Community College,https://www.jtcc.edu/,https://catalog.brightpoint.edu/preview_program.php?catoid=8&poid=1026&returnto=685&print
Massage Therapist,Patrick Henry Community College,https://www.ph.vccs.edu/,https://www.patrickhenry.edu/programs-courses/health-careers/therapeutic-massage/
Medical Interpreter,James Madison University,https://www.jmu.edu/,https://www.jmu.edu/academics/undergraduate/minors/medical-spanish.shtml
Medical Scientist,Eastern Virginia Medical School,https://www.evms.edu/,https://online.odu.edu/academics/area/medical-health-professions-education
Medical Scientist,Edward Via College of Osteopathic Medicine,https://www.vcom.edu/,https://www.vcom.edu/admissions/vcom-affiliated-masters-programs/mabs-program-admissions
Medical Scientist,Liberty University,https://www.liberty.edu/,https://www.liberty.edu/online/health-sciences/masters/medical-sciences/
Medical Scientist,University of Virginia,https://www.virginia.edu/,https://engineering.virginia.edu/department/biomedical-engineering/academics/graduate-programs/md-phd-medical-scientist-training-program
Medical Scientist,Virgiia Tech,https://vt.edu/,https://hst.vt.edu/index.html
Medical Scientist,Virginia Commonwealth University,https://www.vcu.edu/,https://medschool.vcu.edu/education/graduate/dual-degree/mdphd/
Medical Sonographer,ECPI University,https://www.ecpi.edu/,https://www.ecpi.edu/programs/diagnostic-medical-sonography-associate-degree
Medical Sonographer,Northern Virginia Community College,https://www.nvcc.edu/,https://www.nvcc.edu/academics/programs/diagnostic-medical-sonography/index.html
Medical Sonographer,Piedmont Virginia Community College,https://www.pvcc.edu/,https://www.pvcc.edu/dms
Medical Sonographer,Southside College of Health Sciences,https://www.southside.edu/,https://www.schs.edu/programs/associate-degree-programs/diagnostic-medical-sonography
Medical Sonographer,Sovah School of Health Professions,(could not verify),https://www.sovahhealth.com/sonography-program
Medical Sonographer,Tidewater Community College,https://www.tcc.edu/,https://www.tcc.edu/programs/diagnostic-medical-sonography/
Medical Transcriptionist,Bryant & Stratton College,https://www.bryantstratton.edu/,https://learningpath.org/articles/Medical_Transcription_Associate_Bachelor_Online_Degree_Info.html
Medical Transcriptionist,Central Virginia Community College,https://www.centralvirginia.edu/,https://careertraining.centralvirginia.edu/training-programs/legal-transcriptionist/
Medical Transcriptionist,Centura College,https://www.centuracollege.edu/,No specific progran
Medical Transcriptionist,Danville Community College,https://www.dcc.vccs.edu/,
Medical Transcriptionist,DeVry University,https://www.devry.edu/,
Medical Transcriptionist,ECPI University,https://www.ecpi.edu/,https://www.ecpi.edu/programs/medical-assistant-associate-degree
Medical Transcriptionist,Germanna Community College,https://germanna.edu/,
Medical Transcriptionist,J. Sargeant Reynolds Community College,https://www.reynolds.edu/,https://www.reynolds.edu/programs/program-pages/medical-records-coder-csc.html
Medical Transcriptionist,Lord Fairfax Community College,https://www.lfcc.edu/,
Medical Transcriptionist,Mountain Empire Community College,https://www.me.vccs.edu/,
Medical Transcriptionist,New River Community College,https://www.nr.edu/,
Medical Transcriptionist,Northern Virginia Community College,https://www.nvcc.edu/,
Medical Transcriptionist,Patrick Henry Community College,https://www.ph.vccs.edu/,
Medical Transcriptionist,Paul D. Camp Community College,https://www.pdc.edu/,
Medical Transcriptionist,Piedmont Virginia Community College,https://www.pvcc.edu/,
Medical Transcriptionist,Southside College of Health Sciences,https://www.southside.edu/,
Medical Transcriptionist,Southwest Virginia Community College,https://www.sw.edu/,
Medical Transcriptionist,Thomas Nelson Community College,https://www.tncc.edu/,
Medical Transcriptionist,Tidewater Community College,https://www.tcc.edu/,
Medical Transcriptionist,Virginia Highlands Community College,https://www.vhcc.edu/,
Medical Transcriptionist,Virginia Western Community College,https://www.virginiawestern.edu/,
Medical Transcriptionist,Wytheville Community College,https://www.wcc.vccs.edu/,https://www.wcc.vccs.edu/program/medical-transcriptionist
Nuclear Medicine Technologist,Old Dominion University,https://www.odu.edu/,https://www.odu.edu/academics/programs/undergraduate/nuclear-medicine-technology
Nurse Anesthetist,Old Dominion University,https://www.odu.edu/,https://www.odu.edu/academics/programs/doctoral/nurse-anesthesia
Nurse Anesthetist,Virginia Commonwealth University,https://www.vcu.edu/,https://nrsa.chp.vcu.edu/
Nurse Midwife,James Madison University,https://www.jmu.edu/,https://www.jmu.edu/chbs/nursing/msn/nurse-midwife.shtml
Nurse Midwife,Old Dominion University,https://www.odu.edu/,https://www.odu.edu/nursing/graduate/msn/nurse-midwifery
Nurse Midwife,Shenandoah University,https://www.su.edu/,https://www.su.edu/nursing/nursing-graduate-programs/nurse-midwifery-programs/
Nurse Practitioner,Averett University,https://www.averett.edu/,
Nurse Practitioner,Bluefield College,https://www.bluefieldcollege.edu/,https://www.bluefield.edu/academics/programs-of-study/online-nursing-msn/
Nurse Practitioner,Eastern Mennonite University,https://www.emu.edu/,https://emu.edu/msn/
Nurse Practitioner,George Mason University,https://www.gmu.edu/,https://masononline.gmu.edu/programs/msn-fnp/
Nurse Practitioner,George Washington University,https://www.gwu.edu/,https://nursing.gwu.edu/programs/msn/family-nurse-practitioner
Nurse Practitioner,Hampton University,https://www.hamptonu.edu/,https://home.hamptonu.edu/nursing/academic-programs/
Nurse Practitioner,James Madison University,https://www.jmu.edu/,https://www.jmu.edu/grad/programs/snapshots/nursing-msn.shtml
Nurse Practitioner,Liberty University,https://www.liberty.edu/,https://www.liberty.edu/online/nursing/doctoral/dnp/family-nurse-practitioner/
Nurse Practitioner,Marymount University,https://www.marymount.edu/,https://marymount.edu/academics/college-of-health-and-education/malek-school-of-nursing-professions/graduate-programs/our-online-programs/master-of-science-in-nursing-family-nurse-practitioner-program/
Nurse Practitioner,Old Dominion University,https://www.odu.edu/,https://www.odu.edu/nursing/graduate/msn/nurse-practitioner
Nurse Practitioner,Radford University,https://www.radford.edu/,https://www.radford.edu/programs/fnp-grad.html
Nurse Practitioner,Radford University Carilion,https://www.radford.edu/carilion,https://www.radford.edu/programs/fnp-grad.html
Nurse Practitioner,Shenandoah University,https://www.su.edu/,https://www.su.edu/nursing/master-of-science-in-nursing/msn-family-nurse-practitioner/
Nurse Practitioner,University of Virginia,https://www.virginia.edu/,https://nursing.virginia.edu/academics/dnp/fnp/
Nurse Practitioner,Virginia Commonwealth University,https://www.vcu.edu/,https://nursing.vcu.edu/academics/dnp/family-nurse-practitioner/
Occupational Therapist,Emory & Henry College,https://www.ehc.edu/,https://www.emoryhenry.edu/academics/occupational-therapy/
Occupational Therapist,George Washington University,https://www.gwu.edu/,https://occupationaltherapy.smhs.gwu.edu/entry-level-otd
Occupational Therapist,James Madison University,https://www.jmu.edu/,https://www.jmu.edu/chbs/healthprof/ot/index.shtml
Occupational Therapist,Mary Baldwin University,https://www.marybaldwin.edu/,https://marybaldwin.edu/programs/doctor-of-occupational-therapy-otd/
Occupational Therapist,Marymount University,https://www.marymount.edu/,https://marymount.smartcatalogiq.com/en/2022-2023/catalog/marymount-university-catalog-2022-23/college-of-health-and-education/school-of-health-sciences/graduate-programs/occupational-therapy-transitional-o-t-d
Occupational Therapist,Radford University,https://www.radford.edu/,https://www.radford.edu/waldron-college-health-human-services/occupational-therapy-department/index.html
Occupational Therapist,Radford University Carilion,https://www.radford.edu/carilion,https://www.radford.edu/waldron-college-health-human-services/occupational-therapy-department/index.html
Occupational Therapist,Shenandoah University,https://www.su.edu/,https://www.su.edu/occupational-therapy/
Occupational Therapist,Virginia Commonwealth University,https://www.vcu.edu/,https://occu.chp.vcu.edu/
Occupational Therapy Assistant,Eastern Virginia Career College,(could not verify),https://evcc.edu/occupational-therapy-assistant/
Occupational Therapy Assistant,Mountain Empire Community College,https://www.me.vccs.edu/,https://catalog.mecc.edu/preview_program.php?catoid=6&poid=639&returnto=397
Occupational Therapy Assistant,Northern Virginia Community College,https://www.nvcc.edu/,https://www.nvcc.edu/academics/programs/occupational-therapy-assistant/index.html
Occupational Therapy Assistant,Radford University,https://www.radford.edu/,https://www.radford.edu/programs/mot-hybrid-bridge.html
Occupational Therapy Assistant,South University,https://www.south.edu/,https://www.southuniversity.edu/richmond/occupational-therapy-assistant-aas
Occupational Therapy Assistant,Southwest Virginia Community College,https://www.sw.edu/,https://www.sw.edu/academics/programs/occupational-therapy-assistant/index.html
Occupational Therapy Assistant,Tidewater Community College,https://www.tcc.edu/,https://www.tcc.edu/programs/occupational-therapy-assistant/
Occupational Therapy Assistant,Virginia Highlands Community College,https://www.vhcc.edu/,Cant find specifc limnk to program
Optician,J. Sargeant Reynolds Community College,https://www.reynolds.edu/,https://www.reynolds.edu/programs/program-pages/opticianry-aas.html
Optician,Northern Virginia Community College,https://www.nvcc.edu/,NOVA does not have its own optician program.
Paramedic,Blue Ridge Community College,https://www.brcc.edu/,https://www.brcc.edu/explore-programs/ems/
Paramedic,Central Virginia Community College,https://www.centralvirginia.edu/,https://centralvirginia.edu/Emergency-Medical-Services
Paramedic,ECPI University,https://www.ecpi.edu/,https://www.ecpi.edu/programs/emergency-medical-services-paramedic-associates
Paramedic,J. Sargeant Reynolds Community College,https://www.reynolds.edu/,https://www.reynolds.edu/programs/program-pages/ems-paramedic-csc.html
Paramedic,John Tyler Community College,https://www.jtcc.edu/,https://catalog.brightpoint.edu/preview_program.php?catoid=4&poid=487
Paramedic,Lord Fairfax Community College,https://www.lfcc.edu/,https://laurelridge.edu/degree/paramedic/
Paramedic,Mountain Empire Community College,https://www.me.vccs.edu/,https://www.mecc.edu/paramedic-program-application
Paramedic,Northern Virginia Community College,https://www.nvcc.edu/,https://www.nvcc.edu/academics/programs/emergency-medical-services/index.html
Paramedic,Patrick Henry Community College (repeat),https://www.ph.vccs.edu/,https://www.patrickhenry.edu/programs-courses/health-careers/emergency-medical-services-paramedic/
Paramedic,Piedmont Virginia Community College,https://www.pvcc.edu/,https://www.pvcc.edu/programs/ems
Paramedic,Rappahannock Community College,https://www.rappahannock.edu/,https://www.rappahannock.edu/explore-programs/programs/by-career-pathway1/emergency-medical-services.html
Paramedic,Southside Virginia Community College,https://southside.edu/,https://southside.edu/programs/ems
Paramedic,Southwest Virginia Community College,https://www.sw.edu/,https://www.sw.edu/academics/programs/ems-paramedic/index.html
Paramedic,Thomas Nelson Community College,https://www.tncc.edu/,https://www.vpcc.edu/program/ems-advanced-standing-paramedic/
Paramedic,Tidewater Community College,https://www.tcc.edu/,https://www.tcc.edu/programs/emergency-medical-services/
Paramedic,Virginia Highlands Community College,https://www.vhcc.edu/,https://www.vhcc.edu/sites/default/files/assets/files/programs/IntermediatetoParamedicBri.pdf
Pharmacist,Appalachian College of Pharmacy,https://acphs.edu/,https://www.acp.edu/doctor-of-pharmacy-program/
Pharmacist,Hampton University,https://www.hamptonu.edu/,https://home.hamptonu.edu/pharmacy/v3-pharmd/
Pharmacist,Shenandoah University,https://www.su.edu/,https://www.su.edu/pharmacy/
Pharmacist,Virginia Commonwealth University,https://www.vcu.edu/,https://pharmacy.vcu.edu/programs/pharmd/
Pharmacy Technician,Blue Ridge Community College,https://www.brcc.edu/,https://www.brcc.edu/workforce-development/healthcare/
Pharmacy Technician,Bryant & Stratton College,https://www.bryantstratton.edu/,https://www.bryantstratton.edu/continuing-education/healthcare/pharmacy-technician/
Pharmacy Technician,Central Virginia Community College,https://www.centralvirginia.edu/,https://www.ed2go.com/cvcc/online-courses/pharmacy-technician-explore-career/
Pharmacy Technician,Danville Community College,https://www.dcc.vccs.edu/,https://catalog.danville.edu/preview_program.php?catoid=7&poid=695
Pharmacy Technician,Eastern Shore Community College,https://es.vccs.edu/,Not Offered
Pharmacy Technician,ECPI University,https://www.ecpi.edu/,Not Offered
Pharmacy Technician,Germanna Community College,https://germanna.edu/,https://germanna.edu/programs/pharmacy-technician-certificate
Pharmacy Technician,J. Sargeant Reynolds Community College,https://www.reynolds.edu/,https://fastforwardva.org/training/pharmacy-technician-program-12/
Pharmacy Technician,Lord Fairfax Community College,https://www.lfcc.edu/,https://laurelridgeworkforce.com/pharmacy-technician-career-training-program/
Pharmacy Technician,Mountain Empire Community College,https://www.me.vccs.edu/,https://www.mecc.edu/pharmacy-technician-application
Pharmacy Technician,New River Community College,https://www.nr.edu/,https://www.nr.edu/fastforward/pharmacy-tech.php
Pharmacy Technician,Northern Virginia Community College,https://www.nvcc.edu/,https://v-tecs.org/pharmacy-technician-programs-manassas-va.htm
Pharmacy Technician,Piedmont Virginia Community College,https://www.pvcc.edu/,https://www.pvcc.edu/programs/pharm-technician
Pharmacy Technician,Southside Virginia Community College,https://southside.edu/,https://catalog.southside.edu/preview_course_nopop.php?catoid=13&coid=11611
Pharmacy Technician,Thomas Nelson Community College,https://www.tncc.edu/,https://vpcc.augusoft.net/info/certificate-information/0007/
Pharmacy Technician,Tidewater Community College,https://www.tcc.edu/,https://www.tcc.edu/programs/pharmacy-technology/
Pharmacy Technician,Virginia Highlands Community College,https://www.vhcc.edu/,https://www.vhcc.edu/pre-pharmacy-science-csc
Pharmacy Technician,Virginia Western Community College,https://www.virginiawestern.edu/,https://www.virginiawestern.edu/wp-content/uploads/2021/09/cct_brochure_ccap_students.pdf
Pharmacy Technician,Wytheville Community College,https://www.wcc.vccs.edu/,https://www.virginiawestern.edu/wp-content/uploads/2021/09/cct_brochure_ccap_students.pdf
Phlebotomist,Blue Ridge Community College,https://www.brcc.edu/,https://www.blueridge.edu/programs-courses/healthcare/phlebotomy/
Phlebotomist,Central Virginia Community College,https://www.centralvirginia.edu/,https://centralvirginia.edu/programs-classes/health-sciences/phlebotomy-technician
Phlebotomist,Chester Career College,(could not find),https://www.chestercareercollege.edu/programs-4/phlebotomy-ekg-program
Phlebotomist,Dabney S. Lancaster Community College,https://www.dslcc.edu/,https://www.mgcc.edu/phlebotomy-technician
Phlebotomist,Danville Community College,https://www.dcc.vccs.edu/,https://careertraining.danville.edu/training-programs/certified-phlebotomy-technician-lab-and-voucher/
Phlebotomist,ECPI University,https://www.ecpi.edu/,https://www.ecpi.edu/programs/medical-assistant-associate-degree
Phlebotomist,Lord Fairfax Community College,https://www.lfcc.edu/,https://laurelridge.edu/degree/phlebotomy-technician-program/
Phlebotomist,Mountain Empire Community College,https://www.me.vccs.edu/,https://catalog.mecc.edu/preview_program.php?catoid=6&poid=640&returnto=408
Phlebotomist,New River Community College,https://www.nr.edu/,https://www.nr.edu/fastforward/phlebotomy.php
Phlebotomist,Northern Virginia Community College,https://www.nvcc.edu/,https://www.nvcc.edu/academics/programs/phlebotomy.html
Phlebotomist,Patrick Henry Community College,https://www.ph.vccs.edu/,https://careertraining.patrickhenry.edu/training-programs/certified-phlebotomy-technician-lab-and-voucher/
Phlebotomist,Paul D. Camp Community College,https://www.pdc.edu/,https://www.pdc.edu/nursing-and-allied-health/phlebotomy/
Phlebotomist,Piedmont Virginia Community College,https://www.pvcc.edu/,https://www.pvcc.edu/programs/phlebotomy-technician
Phlebotomist,Rappahannock Community College,https://www.rappahannock.edu/,https://www.rappahannock.edu/explore-programs/programs/by-career-pathway1/phlebotomy-med-lab-tech.html
Phlebotomist,Southside Virginia Community College,https://southside.edu/,https://southside.edu/programs/phlebotomy
Phlebotomist,Southwest Virginia Community College,https://www.sw.edu/,https://courses.vccs.edu/colleges/swcc/courses/MDL105-Phlebotomy
Phlebotomist,Thomas Nelson Community College,https://www.tncc.edu/,https://www.vpcc.edu/program/phlebotomy-technician/
Phlebotomist,Tidewater Community College,https://www.tcc.edu/,https://www.tcc.edu/programs/phlebotomy/
Phlebotomist,Virginia Highlands Community College,https://www.vhcc.edu/,https://www.vhcc.edu/phlebotomy-csc
Phlebotomist,Virginia Western Community College,https://www.virginiawestern.edu/,https://www.virginiawestern.edu/academics/health-professions/phlebotomy/
Phlebotomist,Wytheville Community College,https://www.wcc.vccs.edu/,https://www.wcc.vccs.edu/program/phlebotomy
Physical Therapist,Emory & Henry College,https://www.ehc.edu/,https://www.emoryhenry.edu/academics/physical-therapy/
Physical Therapist,Hampton University,https://www.hamptonu.edu/,https://home.hamptonu.edu/science/physical-therapy/
Physical Therapist,Mary Baldwin University,https://www.marybaldwin.edu/,https://marybaldwin.edu/programs/doctor-of-physical-therapy-dpt/
Physical Therapist,Marymount University,https://www.marymount.edu/,https://marymount.edu/academics/health-sciences/doctor-of-physical-therapy/
Physical Therapist,Old Dominion University,https://www.odu.edu/,https://www.odu.edu/academics/programs/doctoral/physical-therapy
Physical Therapist,Radford University,https://www.radford.edu/,https://www.radford.edu/programs/dpt.html
Physical Therapist,Radford University Carilion,https://www.radford.edu/carilion,https://www.radford.edu/programs/dpt.html
Physical Therapist,Shenandoah University,https://www.su.edu/,https://www.su.edu/physical-therapy/
Physical Therapist,University of Lynchburg,https://www.lynchburg.edu/,https://www.lynchburg.edu/academics/graduate/doctor-physical-therapy/
Physical Therapist,Virginia Commonwealth University,https://www.vcu.edu/,https://pt.chp.vcu.edu/
Physical Therapy Assistant,ECPI University,https://www.ecpi.edu/,https://www.ecpi.edu/programs/Physical-Therapist-Assistant-Programs
Physical Therapy Assistant,Germanna Community College,https://germanna.edu/,https://germanna.edu/programs/physical-therapist-assistant
Physical Therapy Assistant,Mountain Empire Community College,https://www.me.vccs.edu/,https://catalog.mecc.edu/preview_program.php?catoid=6&poid=641&returnto=397
Physical Therapy Assistant,Northern Virginia Community College,https://www.nvcc.edu/,https://www.nvcc.edu/academics/programs/physical-therapist-assistant.html
Physical Therapy Assistant,Patrick Henry Community College,https://www.ph.vccs.edu/,https://www.patrickhenry.edu/programs-courses/health-careers/physical-therapist-assistant-pta/
Physical Therapy Assistant,Radford University,https://www.radford.edu/,No longer offered
Physical Therapy Assistant,Riverside College of Health Careers,https://www.riverside.edu/en,https://www.riverside.edu/en/programs/allied-health/physical-therapist-assistant
Physical Therapy Assistant,South University,https://www.south.edu/,https://www.southuniversity.edu/richmond/physical-therapist-assistant-aas
Physical Therapy Assistant,Tidewater Community College,https://www.tcc.edu/,https://www.tcc.edu/programs/physical-therapy/
Physical Therapy Assistant,Virginia Western Community College,https://www.virginiawestern.edu/,https://www.virginiawestern.edu/academics/health-professions/physical-therapist-assistant/
Physical Therapy Assistant,Wytheville Community College,https://www.wcc.vccs.edu/,https://www.wcc.vccs.edu/program/physical-therapist-assistant
Physician Assistant,Eastern Virginia Medical School,https://www.evms.edu/,Masters physciain Asssitant- https://www.odu.edu/academics/programs/masters/physician-assistant Art Therapy - https://www.odu.edu/evms-health-professions/counseling-art-therapy
Physician Assistant,Emory & Henry College,https://www.ehc.edu/,Physcian Assitant masters https://www.emoryhenry.edu/academics/physician-assistant-studies/
Physician Assistant,George Washington University,https://www.gwu.edu/,Physicain Assiatant -Overview | The Physician Assistant Program | GW School of Medicine and Health Sciences Art Theraptist - https://arttherapy.columbian.gwu.edu/ma-art-therapy
Physician Assistant,James Madison University,https://www.jmu.edu/,Masters PA - Homepage PA- https://www.jmu.edu/chbs/healthprof/pa/index.shtml
Physician Assistant,Mary Baldwin University,https://www.marybaldwin.edu/,Physician assistant Masters - https://marybaldwin.edu/programs/physician-assistant-m-s/
Physician Assistant,Radford University,https://www.radford.edu/,Masters PA
Physician Assistant,Randolph-Macon College,https://www.rmc.edu/,PA Masters - https://www.rmc.edu/academics/physician-assistant-studies/
Physician Assistant,Shenandoah University,https://www.su.edu/,Physician Assistant- -Masters https://www.su.edu/physician-assistant/masters-of-science-in-physician-assistant-studies/
Physician Assistant,South University,https://www.south.edu/,PA Masters-
Physician Assistant,University of Lynchburg,https://www.lynchburg.edu/,Physican Assistant- Masters https://www.lynchburg.edu/academics/graduate/master-of-pa-medicine/
Psychiatric Technician,Blue Ridge Community College,https://www.brcc.edu/,https://www.blueridge.edu/programs-courses/healthcare/behavioral-health-technician-level-1/
Psychiatric Technician,Germanna Community College,https://germanna.edu/,https://germanna.edu/programs/behavioral-health-technician-qualified-mental-health-professional-credentials
Psychiatric Technician,J. Sargeant Reynolds Community College,https://www.reynolds.edu/,https://www.reynolds.edu/programs/program-pages/behavioral-health-technician-csc.html
Psychiatric Technician,John Tyler Community College,https://www.jtcc.edu/,https://www.brightpoint.edu/
Psychiatric Technician,New River Community College,https://www.nr.edu/,https://www.nr.edu/hms/degree-hms.php
Psychiatric Technician,Southside Virginia Community College,https://southside.edu/,No Program
Psychiatric Technician,Southwest Virginia Community College,https://www.sw.edu/,No Program
Psychiatric Technician,Thomas Nelson Community College,https://www.tncc.edu/,https://www.vpcc.edu/program/human-services/
Psychiatric Technician,Tidewater Community College,https://www.tcc.edu/,No Program
Psychiatric Technician,Virginia Highlands Community College,https://www.vhcc.edu/,No Program
Psychiatric Technician,Wytheville Community College,https://www.wcc.vccs.edu/,No Program
Psychologist,College of William and Mary,https://www.wm.edu/,https://www.wm.edu/as/psych-sciences/gradprogram/
Psychologist,Eastern Mennonite University,https://www.emu.edu/,https://emu.edu/graduate-counseling/
Psychologist,George Mason University,https://www.gmu.edu/,https://clinical.gmu.edu/
Psychologist,Hampton University,https://www.hamptonu.edu/,https://home.hamptonu.edu/libarts/psychology/
Psychologist,James Madison University,https://www.jmu.edu/,https://www.jmu.edu/chbs/gradpsyc/cipsyd/curriculum.shtml
Psychologist,Liberty University,https://www.liberty.edu/,https://www.liberty.edu/behavioral-sciences/psychology/doctoral/clinical-psychology-psyd/
Psychologist,Marymount University,https://www.marymount.edu/,https://marymount.edu/academics/counseling/
Psychologist,Norfolk State University,https://www.nsu.edu/,https://www.nsu.edu/psychology/programs/phd-clinical-psychology
Psychologist,Old Dominion University,https://www.odu.edu/,https://www.odu.edu/psychology/graduate/clinicalpsycphd
Psychologist,Radford University,https://www.radford.edu/,https://www.radford.edu/content/chbs/home/psychology/programs/counseling.html
Psychologist,Regent University,https://www.regent.edu/,https://www.regent.edu/school-of-psychology-and-counseling/program-summary/
Psychologist,University of Virginia,https://www.virginia.edu/,https://psychology.as.virginia.edu/clinical-psychology
Psychologist,Virgiia Tech,https://vt.edu/,https://support.psyc.vt.edu/grads/program/clinical-science
Psychologist,Virginia Commonwealth University,https://www.vcu.edu/,https://psychology.vcu.edu/graduate/phd-in-clinical-psychology/
Qualified Mental Health Professional,VHWDA QMHP,https://www.vhwda.org/programs/workforce-trainings/qmhp-bht-didactic-training,
Radiation Technologist,Bon Secours St. Mary's Hospital,https://www.bonsecours.com/,https://www.smhsomi.edu/academics
Radiation Technologist,Central Virginia Community College,https://www.centralvirginia.edu/,https://centralvirginia.edu/programs-classes/health-sciences/radiologic-technology
Radiation Technologist,ECPI University,https://www.ecpi.edu/,https://www.ecpi.edu/programs/radiography-associate-degree
Radiation Technologist,Mountain Empire Community College,https://www.me.vccs.edu/,https://www.mecc.edu/_docs/radiography-program-handbook.pdf
Radiation Technologist,Northern Virginia Community College,https://www.nvcc.edu/,https://www.nvcc.edu/academics/programs/radiography/index.html
Radiation Technologist,Piedmont Virginia Community College,https://www.pvcc.edu/,https://www.pvcc.edu/programs/radiography
Radiation Technologist,Riverside College of Health Careers,https://www.riverside.edu/en,https://www.riverside.edu/programs/allied-health/radiologic-technology
Radiation Technologist,Southside College of Health Sciences,https://www.southside.edu/,https://www.schs.edu/programs/associate-degree-programs/radiologictechnology
Radiation Technologist,Southwest Virginia Community College,https://www.sw.edu/,https://www.sw.edu/academics/programs/radiography/index.html
Radiation Technologist,Sovah School of Health Professions,(could not verify),https://www.sovahhealth.com/radtech
Radiation Technologist,Tidewater Community College,https://www.tcc.edu/,https://www.tcc.edu/programs/radiography/
Radiation Technologist,Virginia Commonwealth University,https://www.vcu.edu/,https://radsci.chp.vcu.edu/programs/
Radiation Technologist,Virginia Highlands Community College,https://www.vhcc.edu/,https://www.vhcc.edu/radiography-aas
Radiation Technologist,Virginia Western Community College,https://www.virginiawestern.edu/,https://www.virginiawestern.edu/academics/health-professions/radiography/
Radiation Technologist,Wytheville Community College,https://www.wcc.vccs.edu/,https://courses.vccs.edu/colleges/wcc/courses/RAD-Radiography
Radiation Therapist,Central Virginia Community College,https://www.centralvirginia.edu/,No Program
Radiation Therapist,Mary Washington Hospital School (of Health Professions),https://www.marywashingtonhealthcare.com/,No Program
Radiation Therapist,Sovah School of Health Professions,(could not verify),No Program
Radiation Therapist,University of Virginia,https://www.virginia.edu/,No Program
Radiation Therapist,Virginia Commonwealth University,https://www.vcu.edu/,https://radsci.chp.vcu.edu/admissions/application/
Radiation Therapist,Virginia Western Community College,https://www.virginiawestern.edu/,https://www.virginiawestern.edu/academics/health-professions/radiation-oncology/
Recreational Therapist,Hampton University,https://www.hamptonu.edu/,https://discover.odu.edu/recreational-therapy?utm_source=carnegie-digital&utm_medium=ppc&utm_campaign=ug-recreational-therapy+23983548423&utm_term=google&utm_content=recreational%20therapy%20program-p&gad_source=1&gad_campaignid=23983548423&gbraid=0AAAAA9gg9kc3aIdTgz-qVc42-SG0vbBKK&gclid=Cj0KCQjwm8bTBhDWARIsAC9Hi8kQfTc4qTVkibcjmti4XnHeoKHjrl-_pUYhbg2xExOgtj2QfK-cUvYaArOYEALw_wcB
Recreational Therapist,Longwood University,https://www.longwood.edu/,https://www.longwood.edu/therapeuticrecreation/
Recreational Therapist,Shenandoah University,https://www.su.edu/,No Program
Registered Dietitian,James Madison University,https://www.jmu.edu/,https://www.jmu.edu/academics/undergraduate/majors/dietetics.shtml
Registered Dietitian,Norfolk State University,https://www.nsu.edu/,https://catalog.nsu.edu/undergraduate/science-engineering-technology/nursing-allied-health/health-services-management-fsn-concentration/
Registered Dietitian,Radford University,https://www.radford.edu/,https://www.radford.edu/programs/foods-nutrition.html
Registered Dietitian,Virgiia Tech,https://vt.edu/,https://www.hnfe.vt.edu/undergraduate/nutrition-and-dietetics.html
Registered Dietitian,Virginia State University,https://www.vsu.edu/,https://www.vsu.edu/agriculture/academics/family-and-consumer-science/dietetics/
Registered Nurse,Averett University,https://www.averett.edu/,https://www.averett.edu/academics/majors-and-programs/undergraduate/nursing/
Registered Nurse,Blue Ridge Community College,https://www.brcc.edu/,https://www.brcc.edu/explore-programs/nursing/
Registered Nurse,Bluefield College,https://www.bluefieldcollege.edu/,https://www.bluefield.edu/academics/programs-of-study/rn-to-bsn-msn-nursing/
Registered Nurse,Bon Secours Memorial College of Nursing,https://www.bsmcon.edu/,https://www.bsmcon.edu/bachelor-science-nursing
Registered Nurse,Bryant & Stratton College,https://www.bryantstratton.edu/,https://www.bryantstratton.edu/degrees/nursing/
Registered Nurse,Centra College,https://www.centrahealth.com/centra-college,https://www.centrahealth.com/college/programs-admissions
Registered Nurse,Dabney S. Lancaster Community College,https://www.dslcc.edu/,https://www.wcc.vccs.edu/program/nursing
Registered Nurse,Danville Community College,https://www.dcc.vccs.edu/,https://danville.edu/nursing
Registered Nurse,Eastern Mennonite University,https://www.emu.edu/,https://emu.edu/nursing/
Registered Nurse,Eastern Virginia Career College,(could not verify),https://evcc.edu/nursing/
Registered Nurse,ECPI University,https://www.ecpi.edu/,https://www.ecpi.edu/programs/radiography-associate-degree
Registered Nurse,Emory & Henry College,https://www.ehc.edu/,https://www.nr.edu/nursing/
Registered Nurse,Ferrum College,https://www.ferrum.edu/,https://www.ferrum.edu/programs/nursing-major/
Registered Nurse,Fortis College,https://www.fortis.edu/,https://www.fortis.edu/campuses/virginia.html
Registered Nurse,George Mason University,https://www.gmu.edu/,https://publichealth.gmu.edu/program/nursing-bsn
Registered Nurse,Germanna Community College,https://germanna.edu/,https://germanna.edu/form/rn-traditional-advising-checklis
Registered Nurse,Hampton University,https://www.hamptonu.edu/,https://home.hamptonu.edu/nursing/
Registered Nurse,J. Sargeant Reynolds Community College,https://www.reynolds.edu/,J. Sargeant Reynolds Community College
Registered Nurse,James Madison University,https://www.jmu.edu/,https://www.jmu.edu/chbs/nursing/
Registered Nurse,John Tyler Community College,https://www.jtcc.edu/,https://www.brightpoint.edu/majors/nursing-aas
Registered Nurse,Liberty University,https://www.liberty.edu/,https://www.liberty.edu/nursing/bachelors/bsn/
Registered Nurse,Longwood University,https://www.longwood.edu/,https://www.longwood.edu/nursing/
Registered Nurse,Lord Fairfax Community College,https://www.lfcc.edu/,https://laurelridge.edu/nursing/
Registered Nurse,Mary Baldwin University,https://www.marybaldwin.edu/,https://marybaldwin.edu/academics/school-of-nursing/
Registered Nurse,Marymount University,https://www.marymount.edu/,https://marymount.edu/academics/nursing/bachelor-of-science-in-nursing/
Registered Nurse,Mountain Empire Community College,https://www.me.vccs.edu/,https://catalog.mecc.edu/preview_program.php?catoid=6&poid=644&returnto=397
Registered Nurse,New River Community College,https://www.nr.edu/,https://www.nr.edu/nursing/
Registered Nurse,Norfolk State University,https://www.nsu.edu/,https://catalog.nsu.edu/undergraduate/science-engineering-technology/nursing-allied-health/
Registered Nurse,Northern Virginia Community College,https://www.nvcc.edu/,https://richmondcc.edu/academics/programs/nursing
Registered Nurse,Old Dominion University,https://www.odu.edu/,https://www.odu.edu/nursing
Registered Nurse,Patrick Henry Community College,https://www.ph.vccs.edu/,https://www.patrickhenry.edu/programs-courses/health-careers/associate-degree-nursing/
Registered Nurse,Paul D. Camp Community College,https://www.pdc.edu/,https://www.pdc.edu/nursing-and-allied-health/adn-rn-registered-nursing/
Registered Nurse,Piedmont Virginia Community College,https://www.pvcc.edu/,https://www.pvcc.edu/nursing
Registered Nurse,Radford University,https://www.radford.edu/,https://www.radford.edu/content/wchs/home/nursing.html
Registered Nurse,Radford University Carilion,https://www.radford.edu/carilion,
Registered Nurse,Randolph-Macon College,https://www.rmc.edu/,https://www.rmc.edu/academics/nursing/
Registered Nurse,Rappahannock Community College,https://www.rappahannock.edu/,https://www.rappahannock.edu/explore-programs/programs/by-career-pathway1/nursing.html
Registered Nurse,Regent University,https://www.regent.edu/,https://www.regent.edu/college-of-health-and-behavioral-sciences/nursing/
Registered Nurse,Riverside College of Health Careers,https://www.riverside.edu/en,https://www.riverside.edu/en/programs/nursing
Registered Nurse,Saint Michael College of Allied Health,https://smcah.edu/,https://smcah.edu/
Registered Nurse,Sentara College of Health Sciences,https://www.sentara.edu/,https://www.sentara.edu/
Registered Nurse,Shenandoah University,https://www.su.edu/,https://www.nr.edu/nursing/
Registered Nurse,South University,https://www.south.edu/,https://www.southuniversity.edu/degree-programs/nursing/nursing-bsn
Registered Nurse,Southside College of Health Sciences,https://www.southside.edu/,https://www.schs.edu/programs/associate-degree-programs/nursing
Registered Nurse,Southside Virginia Community College,https://southside.edu/,https://southside.edu/associate-applied-science-nursing-rn
Registered Nurse,Southwest Virginia Community College,https://www.sw.edu/,https://www.sw.edu/academics/programs/nursing/
Registered Nurse,"Standard Healthcare Services, College of Nursing",(could not find),https://www.standardcollege.edu/
Registered Nurse,Thomas Nelson Community College,https://www.tncc.edu/,https://www.vpcc.edu/
Registered Nurse,Tidewater Community College,https://www.tcc.edu/,https://www.tcc.edu/programs/nursing/
Registered Nurse,University of Lynchburg,https://www.lynchburg.edu/,https://www.lynchburg.edu/academics/majors-and-minors/nursing/
Registered Nurse,University of Mary Washington,https://www.umw.edu/,https://www.umw.edu/careercenter/tools-resources/what-can-i-do-with-this-major/nursing-science-bsn/
Registered Nurse,University of Virginia,https://www.virginia.edu/,https://www.nursing.virginia.edu/
Registered Nurse,Virginia Commonwealth University,https://www.vcu.edu/,https://nursing.vcu.edu/academics/bs/
Registered Nurse,Virginia Highlands Community College,https://www.vhcc.edu/,https://www.vhcc.edu/nursing-track-1-day-program-aas
Registered Nurse,Virginia Western Community College,https://www.virginiawestern.edu/,https://www.virginiawestern.edu/academics/health-professions/nursing/
Registered Nurse,Wytheville Community College,https://www.wcc.vccs.edu/,https://www.wcc.vccs.edu/program/nursing
Respiratory Therapist,Central Virginia Community College,https://www.centralvirginia.edu/,https://centralvirginia.edu/programs-classes/health-sciences/respiratory-therapy
Respiratory Therapist,J. Sargeant Reynolds Community College,https://www.reynolds.edu/,https://www.reynolds.edu/programs/program-pages/respiratory-therapy-aas.html
Respiratory Therapist,Liberty University,https://www.liberty.edu/,https://www.liberty.edu/health-sciences/bachelors/respiratory-therapy/
Respiratory Therapist,Mountain Empire Community College,https://www.me.vccs.edu/,https://www.mecc.edu/respiratory-therapy-application
Respiratory Therapist,Northern Virginia Community College,https://www.nvcc.edu/,https://www.nvcc.edu/academics/programs/respiratory-therapy.html
Respiratory Therapist,Radford University,https://www.radford.edu/,https://www.radford.edu/programs/respiratory-therapy.html
Respiratory Therapist,Radford University Carilion,https://www.radford.edu/carilion,https://www.radford.edu/programs/respiratory-therapy.html
Respiratory Therapist,Tidewater Community College,https://www.tcc.edu/,https://help.tcc.edu/s/article/Respiratory-Therapy-Program
Social Worker,Christopher Newport University,https://www.cnu.edu/,https://cnu.edu/academics/programs/social-work.html
Social Worker,Eastern Mennonite University,https://www.emu.edu/,https://emu.edu/social-work/
Social Worker,Ferrum College,https://www.ferrum.edu/,https://www.ferrum.edu/programs/social-work-major/
Social Worker,George Mason University,https://www.gmu.edu/,https://socialwork.gmu.edu/
Social Worker,James Madison University,https://www.jmu.edu/,https://www.jmu.edu/chbs/socwork/index.shtml
Social Worker,Liberty University,https://www.liberty.edu/,https://www.liberty.edu/explore/social-work-degrees/
Social Worker,Longwood University,https://www.longwood.edu/,https://www.longwood.edu/socialworkcsds/social-work/
Social Worker,Mary Baldwin University,https://www.marybaldwin.edu/,https://marybaldwin.edu/programs/programs-bsw-social-work/
Social Worker,Norfolk State University,https://www.nsu.edu/,https://www.nsu.edu/social-work
Social Worker,Radford University,https://www.radford.edu/,https://www.radford.edu/programs/social-work.html
Social Worker,Virginia Commonwealth University,https://www.vcu.edu/,https://socialwork.vcu.edu/
Social Worker,Virginia State University,https://www.vsu.edu/,https://www.vsu.edu/sola/departments/social-work/
Social Worker,Virginia Union University,https://www.vuu.edu/,https://www.vuu.edu/academics-at-union/academic-schools/school-of-arts-and-sciences/social-work-department
Social Worker,Virginia Wesleyan University,https://www.vwu.edu/,https://www.batten.edu/academics/majors/social-work/
Speech-Language Pathologist,George Washington University,https://www.gwu.edu/,https://speechhearing.columbian.gwu.edu/ma-speech-language-pathology
Speech-Language Pathologist,Hampton University,https://www.hamptonu.edu/,https://home.hamptonu.edu/science/communicative-sciences-and-disorders/
Speech-Language Pathologist,James Madison University,https://www.jmu.edu/,https://www.jmu.edu/grad/programs/snapshots/csd-dlve-slp.shtml
Speech-Language Pathologist,Longwood University,https://www.longwood.edu/,https://www.longwood.edu/slponline/
Speech-Language Pathologist,Old Dominion University,https://www.odu.edu/,https://www.odu.edu/academics/programs/masters/speech-language-pathology
Speech-Language Pathologist,Radford University,https://www.radford.edu/,https://www.radford.edu/programs/cosd-grad.html
Speech-Language Pathologist,University of Virginia,https://www.virginia.edu/,https://education.virginia.edu/academics/programs/communication-sciences-and-disorders-med-master-education
Surgical Assistant,Eastern Virginia Medical School,https://www.odu.edu/evms-health-professions/surgical-assisting-msa,https://www.odu.edu/evms-health-professions/surgical-assisting-msa
Surgical Technologist,John Tyler Community College,https://www.jtcc.edu/,
Surgical Technologist,Lord Fairfax Community College,https://www.lfcc.edu/,https://laurelridge.edu/degree/surgical-technology/
Surgical Technologist,Piedmont Virginia Community College,https://www.pvcc.edu/,https://www.pvcc.edu/programs/surgical-technology
Surgical Technologist,Radford University Carilion,https://www.radford.edu/carilion,
Surgical Technologist,Riverside College of Health Careers,https://www.riverside.edu/en,https://www.riversideonline.com/about/newscenter/system/riverside-college-of-health-careers-announces-name-change
Surgical Technologist,Sentara College of Health Sciences,https://www.sentara.edu/,https://www.sentara.edu/academics
Veterinarian,Virgiia Tech,https://vt.edu/,https://vetmed.vt.edu/
Veterinary Technician,Blue Ridge Community College,https://www.brcc.edu/,https://www.brcc.edu/explore-programs/vettech/
Veterinary Technician,Northern Virginia Community College,https://www.nvcc.edu/,https://www.nvcc.edu/academics/programs/veterinary-technology/index.html
Veterinary Technician,Tidewater Community College,https://www.tcc.edu/,https://www.tcc.edu/programs/veterinary/
Veterinary Technician,Virginia Highlands Community College,https://www.vhcc.edu/,
Veterinary Technician,Wytheville Community College,https://www.wcc.vccs.edu/,https://www.wcc.vccs.edu/pathways/healthcare/veterinarian